<beans xmlns="http://www.springframework.org/schema/beans"
	xmlns:xsi="http://www.w3.org/2001/XMLSchema-instance"
	xsi:schemaLocation="http://www.springframework.org/schema/beans
	 http://www.springframework.org/schema/beans/spring-beans.xsd">
	 
	<bean id="connectionFactory" 
	class="org.apache.activemq.ActiveMQConnectionFactory">
	<property name="brokerURL" 
	value="tcp://localhost:61616" />
	</bean> 
	 <bean id="destination" 
	 class="org.apache.activemq.command.ActiveMQQueue">
  	<constructor-arg value="InvoiceQueue" />
 	</bean>
	 <bean id="jmsTemplate" 
	 class="org.springframework.jms.core.JmsTemplate">
  <property name="connectionFactory" 
  ref="connectionFactory" />
  <property name="defaultDestination" 
  ref="destination" />
  
 </bean>
 <bean id="messageProducer" class="com.cts.messages.MessageProducer">
 <property name="jmsTemplate" ref="jmsTemplate"></property>
 </bean>
 <bean id="messageConsumer" class="com.cts.messages.MessageConsumer">
 <property name="jmsTemplate" ref="jmsTemplate"></property>
 <property name="destination" ref="destination"></property>
 </bean>
 
</beans>